cell_id,region_group,center_lat,center_lon,cell_size_km,geojson_file,kelpwatch_csv_file,time_variable,selection_rule,final_filter_after_kelpwatch
cell_001,Northern California,39.525053,-124.017028,10,cell_001.geojson,kelpwatch_cell_001.csv,Growing Season Max,cell intersects 15 km buffer around simplified Northern/Central California coastal transect,retain if count_cells_historic_footprint > 0; stricter option: >= 500
cell_002,Northern California,39.52881,-123.900726,10,cell_002.geojson,kelpwatch_cell_002.csv,Growing Season Max,cell intersects 15 km buffer around simplified Northern/Central California coastal transect,retain if count_cells_historic_footprint > 0; stricter option: >= 500
cell_003,Northern California,39.532457,-123.784412,10,cell_003.geojson,kelpwatch_cell_003.csv,Growing Season Max,cell intersects 15 km buffer around simplified Northern/Central California coastal transect,retain if count_cells_historic_footprint > 0; stricter option: >= 500
cell_004,Northern California,39.535993,-123.668087,10,cell_004.geojson,kelpwatch_cell_004.csv,Growing Season Max,cell intersects 15 km buffer around simplified Northern/Central California coastal transect,retain if count_cells_historic_footprint > 0; stricter option: >= 500
cell_005,Northern California,39.435143,-124.012104,10,cell_005.geojson,kelpwatch_cell_005.csv,Growing Season Max,cell intersects 15 km buffer around simplified Northern/Central California coastal transect,retain if count_cells_historic_footprint > 0; stricter option: >= 500
cell_006,Northern California,39.438895,-123.895944,10,cell_006.geojson,kelpwatch_cell_006.csv,Growing Season Max,cell intersects 15 km buffer around simplified Northern/Central California coastal transect,retain if count_cells_historic_footprint > 0; stricter option: >= 500
cell_007,Northern California,39.442536,-123.779772,10,cell_007.geojson,kelpwatch_cell_007.csv,Growing Season Max,cell intersects 15 km buffer around simplified Northern/Central California coastal transect,retain if count_cells_historic_footprint > 0; stricter option: >= 500
cell_008,Northern California,39.446068,-123.663589,10,cell_008.geojson,kelpwatch_cell_008.csv,Growing Season Max,cell intersects 15 km buffer around simplified Northern/Central California coastal transect,retain if count_cells_historic_footprint > 0; stricter option: >= 500
cell_009,Northern California,39.345236,-124.007192,10,cell_009.geojson,kelpwatch_cell_009.csv,Growing Season Max,cell intersects 15 km buffer around simplified Northern/Central California coastal transect,retain if count_cells_historic_footprint > 0; stricter option: >= 500
cell_010,Northern California,39.348983,-123.891174,10,cell_010.geojson,kelpwatch_cell_010.csv,Growing Season Max,cell intersects 15 km buffer around simplified Northern/Central California coastal transect,retain if count_cells_historic_footprint > 0; stricter option: >= 500
cell_011,Northern California,39.35262,-123.775144,10,cell_011.geojson,kelpwatch_cell_011.csv,Growing Season Max,cell intersects 15 km buffer around simplified Northern/Central California coastal transect,retain if count_cells_historic_footprint > 0; stricter option: >= 500
cell_012,Northern California,39.356147,-123.659103,10,cell_012.geojson,kelpwatch_cell_012.csv,Growing Season Max,cell intersects 15 km buffer around simplified Northern/Central California coastal transect,retain if count_cells_historic_footprint > 0; stricter option: >= 500
cell_013,Northern California,39.255332,-124.002291,10,cell_013.geojson,kelpwatch_cell_013.csv,Growing Season Max,cell intersects 15 km buffer around simplified Northern/Central California coastal transect,retain if count_cells_historic_footprint > 0; stricter option: >= 500
cell_014,Northern California,39.259075,-123.886415,10,cell_014.geojson,kelpwatch_cell_014.csv,Growing Season Max,cell intersects 15 km buffer around simplified Northern/Central California coastal transect,retain if count_cells_historic_footprint > 0; stricter option: >= 500
cell_015,Northern California,39.262707,-123.770527,10,cell_015.geojson,kelpwatch_cell_015.csv,Growing Season Max,cell intersects 15 km buffer around simplified Northern/Central California coastal transect,retain if count_cells_historic_footprint > 0; stricter option: >= 500
cell_016,Northern California,39.26623,-123.654627,10,cell_016.geojson,kelpwatch_cell_016.csv,Growing Season Max,cell intersects 15 km buffer around simplified Northern/Central California coastal transect,retain if count_cells_historic_footprint > 0; stricter option: >= 500
cell_017,Northern California,39.165432,-123.997403,10,cell_017.geojson,kelpwatch_cell_017.csv,Growing Season Max,cell intersects 15 km buffer around simplified Northern/Central California coastal transect,retain if count_cells_historic_footprint > 0; stricter option: >= 500
cell_018,Northern California,39.16917,-123.881668,10,cell_018.geojson,kelpwatch_cell_018.csv,Growing Season Max,cell intersects 15 km buffer around simplified Northern/Central California coastal transect,retain if count_cells_historic_footprint > 0; stricter option: >= 500
cell_019,Northern California,39.172798,-123.765921,10,cell_019.geojson,kelpwatch_cell_019.csv,Growing Season Max,cell intersects 15 km buffer around simplified Northern/Central California coastal transect,retain if count_cells_historic_footprint > 0; stricter option: >= 500
cell_020,Northern California,39.176316,-123.650163,10,cell_020.geojson,kelpwatch_cell_020.csv,Growing Season Max,cell intersects 15 km buffer around simplified Northern/Central California coastal transect,retain if count_cells_historic_footprint > 0; stricter option: >= 500
cell_021,Northern California,39.179725,-123.534393,10,cell_021.geojson,kelpwatch_cell_021.csv,Growing Season Max,cell intersects 15 km buffer around simplified Northern/Central California coastal transect,retain if count_cells_historic_footprint > 0; stricter option: >= 500
cell_022,Northern California,39.079269,-123.876932,10,cell_022.geojson,kelpwatch_cell_022.csv,Growing Season Max,cell intersects 15 km buffer around simplified Northern/Central California coastal transect,retain if count_cells_historic_footprint > 0; stricter option: >= 500
cell_023,Northern California,39.082892,-123.761326,10,cell_023.geojson,kelpwatch_cell_023.csv,Growing Season Max,cell intersects 15 km buffer around simplified Northern/Central California coastal transect,retain if count_cells_historic_footprint > 0; stricter option: >= 500
cell_024,Northern California,39.086406,-123.645709,10,cell_024.geojson,kelpwatch_cell_024.csv,Growing Season Max,cell intersects 15 km buffer around simplified Northern/Central California coastal transect,retain if count_cells_historic_footprint > 0; stricter option: >= 500
cell_025,Northern California,39.08981,-123.530081,10,cell_025.geojson,kelpwatch_cell_025.csv,Growing Season Max,cell intersects 15 km buffer around simplified Northern/Central California coastal transect,retain if count_cells_historic_footprint > 0; stricter option: >= 500
cell_026,Northern California,38.98937,-123.872208,10,cell_026.geojson,kelpwatch_cell_026.csv,Growing Season Max,cell intersects 15 km buffer around simplified Northern/Central California coastal transect,retain if count_cells_historic_footprint > 0; stricter option: >= 500
cell_027,Northern California,38.992989,-123.756743,10,cell_027.geojson,kelpwatch_cell_027.csv,Growing Season Max,cell intersects 15 km buffer around simplified Northern/Central California coastal transect,retain if count_cells_historic_footprint > 0; stricter option: >= 500
cell_028,Northern California,38.996498,-123.641266,10,cell_028.geojson,kelpwatch_cell_028.csv,Growing Season Max,cell intersects 15 km buffer around simplified Northern/Central California coastal transect,retain if count_cells_historic_footprint > 0; stricter option: >= 500
cell_029,Northern California,38.999898,-123.525778,10,cell_029.geojson,kelpwatch_cell_029.csv,Growing Season Max,cell intersects 15 km buffer around simplified Northern/Central California coastal transect,retain if count_cells_historic_footprint > 0; stricter option: >= 500
cell_030,Northern California,38.899474,-123.867496,10,cell_030.geojson,kelpwatch_cell_030.csv,Growing Season Max,cell intersects 15 km buffer around simplified Northern/Central California coastal transect,retain if count_cells_historic_footprint > 0; stricter option: >= 500
cell_031,Northern California,38.903088,-123.75217,10,cell_031.geojson,kelpwatch_cell_031.csv,Growing Season Max,cell intersects 15 km buffer around simplified Northern/Central California coastal transect,retain if count_cells_historic_footprint > 0; stricter option: >= 500
cell_032,Northern California,38.906593,-123.636834,10,cell_032.geojson,kelpwatch_cell_032.csv,Growing Season Max,cell intersects 15 km buffer around simplified Northern/Central California coastal transect,retain if count_cells_historic_footprint > 0; stricter option: >= 500
cell_033,Northern California,38.909989,-123.521487,10,cell_033.geojson,kelpwatch_cell_033.csv,Growing Season Max,cell intersects 15 km buffer around simplified Northern/Central California coastal transect,retain if count_cells_historic_footprint > 0; stricter option: >= 500
cell_034,Northern California,38.913275,-123.406129,10,cell_034.geojson,kelpwatch_cell_034.csv,Growing Season Max,cell intersects 15 km buffer around simplified Northern/Central California coastal transect,retain if count_cells_historic_footprint > 0; stricter option: >= 500
cell_035,Northern California,38.80958,-123.862794,10,cell_035.geojson,kelpwatch_cell_035.csv,Growing Season Max,cell intersects 15 km buffer around simplified Northern/Central California coastal transect,retain if count_cells_historic_footprint > 0; stricter option: >= 500
cell_036,Northern California,38.81319,-123.747609,10,cell_036.geojson,kelpwatch_cell_036.csv,Growing Season Max,cell intersects 15 km buffer around simplified Northern/Central California coastal transect,retain if count_cells_historic_footprint > 0; stricter option: >= 500
cell_037,Northern California,38.816691,-123.632413,10,cell_037.geojson,kelpwatch_cell_037.csv,Growing Season Max,cell intersects 15 km buffer around simplified Northern/Central California coastal transect,retain if count_cells_historic_footprint > 0; stricter option: >= 500
cell_038,Northern California,38.820083,-123.517205,10,cell_038.geojson,kelpwatch_cell_038.csv,Growing Season Max,cell intersects 15 km buffer around simplified Northern/Central California coastal transect,retain if count_cells_historic_footprint > 0; stricter option: >= 500
cell_039,Northern California,38.823365,-123.401988,10,cell_039.geojson,kelpwatch_cell_039.csv,Growing Season Max,cell intersects 15 km buffer around simplified Northern/Central California coastal transect,retain if count_cells_historic_footprint > 0; stricter option: >= 500
cell_040,Northern California,38.723295,-123.743059,10,cell_040.geojson,kelpwatch_cell_040.csv,Growing Season Max,cell intersects 15 km buffer around simplified Northern/Central California coastal transect,retain if count_cells_historic_footprint > 0; stricter option: >= 500
cell_041,Northern California,38.726791,-123.628002,10,cell_041.geojson,kelpwatch_cell_041.csv,Growing Season Max,cell intersects 15 km buffer around simplified Northern/Central California coastal transect,retain if count_cells_historic_footprint > 0; stricter option: >= 500
cell_042,Northern California,38.730178,-123.512935,10,cell_042.geojson,kelpwatch_cell_042.csv,Growing Season Max,cell intersects 15 km buffer around simplified Northern/Central California coastal transect,retain if count_cells_historic_footprint > 0; stricter option: >= 500
cell_043,Northern California,38.733456,-123.397857,10,cell_043.geojson,kelpwatch_cell_043.csv,Growing Season Max,cell intersects 15 km buffer around simplified Northern/Central California coastal transect,retain if count_cells_historic_footprint > 0; stricter option: >= 500
cell_044,Northern California,38.736625,-123.282769,10,cell_044.geojson,kelpwatch_cell_044.csv,Growing Season Max,cell intersects 15 km buffer around simplified Northern/Central California coastal transect,retain if count_cells_historic_footprint > 0; stricter option: >= 500
cell_045,Northern California,38.633401,-123.73852,10,cell_045.geojson,kelpwatch_cell_045.csv,Growing Season Max,cell intersects 15 km buffer around simplified Northern/Central California coastal transect,retain if count_cells_historic_footprint > 0; stricter option: >= 500
cell_046,Northern California,38.636893,-123.623602,10,cell_046.geojson,kelpwatch_cell_046.csv,Growing Season Max,cell intersects 15 km buffer around simplified Northern/Central California coastal transect,retain if count_cells_historic_footprint > 0; stricter option: >= 500
cell_047,Northern California,38.640276,-123.508674,10,cell_047.geojson,kelpwatch_cell_047.csv,Growing Season Max,cell intersects 15 km buffer around simplified Northern/Central California coastal transect,retain if count_cells_historic_footprint > 0; stricter option: >= 500
cell_048,Northern California,38.64355,-123.393735,10,cell_048.geojson,kelpwatch_cell_048.csv,Growing Season Max,cell intersects 15 km buffer around simplified Northern/Central California coastal transect,retain if count_cells_historic_footprint > 0; stricter option: >= 500
cell_049,Northern California,38.646715,-123.278787,10,cell_049.geojson,kelpwatch_cell_049.csv,Growing Season Max,cell intersects 15 km buffer around simplified Northern/Central California coastal transect,retain if count_cells_historic_footprint > 0; stricter option: >= 500
cell_050,Northern California,38.649771,-123.163829,10,cell_050.geojson,kelpwatch_cell_050.csv,Growing Season Max,cell intersects 15 km buffer around simplified Northern/Central California coastal transect,retain if count_cells_historic_footprint > 0; stricter option: >= 500
cell_051,Northern California,38.546996,-123.619213,10,cell_051.geojson,kelpwatch_cell_051.csv,Growing Season Max,cell intersects 15 km buffer around simplified Northern/Central California coastal transect,retain if count_cells_historic_footprint > 0; stricter option: >= 500
cell_052,Northern California,38.550375,-123.504424,10,cell_052.geojson,kelpwatch_cell_052.csv,Growing Season Max,cell intersects 15 km buffer around simplified Northern/Central California coastal transect,retain if count_cells_historic_footprint > 0; stricter option: >= 500
cell_053,Northern California,38.553645,-123.389624,10,cell_053.geojson,kelpwatch_cell_053.csv,Growing Season Max,cell intersects 15 km buffer around simplified Northern/Central California coastal transect,retain if count_cells_historic_footprint > 0; stricter option: >= 500
cell_054,Northern California,38.556807,-123.274815,10,cell_054.geojson,kelpwatch_cell_054.csv,Growing Season Max,cell intersects 15 km buffer around simplified Northern/Central California coastal transect,retain if count_cells_historic_footprint > 0; stricter option: >= 500
cell_055,Northern California,38.559859,-123.159995,10,cell_055.geojson,kelpwatch_cell_055.csv,Growing Season Max,cell intersects 15 km buffer around simplified Northern/Central California coastal transect,retain if count_cells_historic_footprint > 0; stricter option: >= 500
cell_056,Northern California,38.562802,-123.045167,10,cell_056.geojson,kelpwatch_cell_056.csv,Growing Season Max,cell intersects 15 km buffer around simplified Northern/Central California coastal transect,retain if count_cells_historic_footprint > 0; stricter option: >= 500
cell_057,Northern California,38.460476,-123.500184,10,cell_057.geojson,kelpwatch_cell_057.csv,Growing Season Max,cell intersects 15 km buffer around simplified Northern/Central California coastal transect,retain if count_cells_historic_footprint > 0; stricter option: >= 500
cell_058,Northern California,38.463742,-123.385523,10,cell_058.geojson,kelpwatch_cell_058.csv,Growing Season Max,cell intersects 15 km buffer around simplified Northern/Central California coastal transect,retain if count_cells_historic_footprint > 0; stricter option: >= 500
cell_059,Northern California,38.4669,-123.270852,10,cell_059.geojson,kelpwatch_cell_059.csv,Growing Season Max,cell intersects 15 km buffer around simplified Northern/Central California coastal transect,retain if count_cells_historic_footprint > 0; stricter option: >= 500
cell_060,Northern California,38.469948,-123.156172,10,cell_060.geojson,kelpwatch_cell_060.csv,Growing Season Max,cell intersects 15 km buffer around simplified Northern/Central California coastal transect,retain if count_cells_historic_footprint > 0; stricter option: >= 500
cell_061,Northern California,38.472888,-123.041482,10,cell_061.geojson,kelpwatch_cell_061.csv,Growing Season Max,cell intersects 15 km buffer around simplified Northern/Central California coastal transect,retain if count_cells_historic_footprint > 0; stricter option: >= 500
cell_062,Northern California,38.373841,-123.381431,10,cell_062.geojson,kelpwatch_cell_062.csv,Growing Season Max,cell intersects 15 km buffer around simplified Northern/Central California coastal transect,retain if count_cells_historic_footprint > 0; stricter option: >= 500
cell_063,Northern California,38.376994,-123.266899,10,cell_063.geojson,kelpwatch_cell_063.csv,Growing Season Max,cell intersects 15 km buffer around simplified Northern/Central California coastal transect,retain if count_cells_historic_footprint > 0; stricter option: >= 500
cell_064,Northern California,38.380039,-123.152357,10,cell_064.geojson,kelpwatch_cell_064.csv,Growing Season Max,cell intersects 15 km buffer around simplified Northern/Central California coastal transect,retain if count_cells_historic_footprint > 0; stricter option: >= 500
cell_065,Northern California,38.382975,-123.037806,10,cell_065.geojson,kelpwatch_cell_065.csv,Growing Season Max,cell intersects 15 km buffer around simplified Northern/Central California coastal transect,retain if count_cells_historic_footprint > 0; stricter option: >= 500
cell_066,Northern California,38.385803,-122.923246,10,cell_066.geojson,kelpwatch_cell_066.csv,Growing Season Max,cell intersects 15 km buffer around simplified Northern/Central California coastal transect,retain if count_cells_historic_footprint > 0; stricter option: >= 500
cell_067,Northern California,38.28394,-123.37735,10,cell_067.geojson,kelpwatch_cell_067.csv,Growing Season Max,cell intersects 15 km buffer around simplified Northern/Central California coastal transect,retain if count_cells_historic_footprint > 0; stricter option: >= 500
cell_068,Northern California,38.28709,-123.262955,10,cell_068.geojson,kelpwatch_cell_068.csv,Growing Season Max,cell intersects 15 km buffer around simplified Northern/Central California coastal transect,retain if count_cells_historic_footprint > 0; stricter option: >= 500
cell_069,Northern California,38.290131,-123.148551,10,cell_069.geojson,kelpwatch_cell_069.csv,Growing Season Max,cell intersects 15 km buffer around simplified Northern/Central California coastal transect,retain if count_cells_historic_footprint > 0; stricter option: >= 500
cell_070,Northern California,38.293063,-123.034138,10,cell_070.geojson,kelpwatch_cell_070.csv,Growing Season Max,cell intersects 15 km buffer around simplified Northern/Central California coastal transect,retain if count_cells_historic_footprint > 0; stricter option: >= 500
cell_071,Northern California,38.295888,-122.919716,10,cell_071.geojson,kelpwatch_cell_071.csv,Growing Season Max,cell intersects 15 km buffer around simplified Northern/Central California coastal transect,retain if count_cells_historic_footprint > 0; stricter option: >= 500
cell_072,Northern California,38.197186,-123.259021,10,cell_072.geojson,kelpwatch_cell_072.csv,Growing Season Max,cell intersects 15 km buffer around simplified Northern/Central California coastal transect,retain if count_cells_historic_footprint > 0; stricter option: >= 500
cell_073,Northern California,38.200224,-123.144755,10,cell_073.geojson,kelpwatch_cell_073.csv,Growing Season Max,cell intersects 15 km buffer around simplified Northern/Central California coastal transect,retain if count_cells_historic_footprint > 0; stricter option: >= 500
cell_074,Northern California,38.203153,-123.03048,10,cell_074.geojson,kelpwatch_cell_074.csv,Growing Season Max,cell intersects 15 km buffer around simplified Northern/Central California coastal transect,retain if count_cells_historic_footprint > 0; stricter option: >= 500
cell_075,Northern California,38.205973,-122.916196,10,cell_075.geojson,kelpwatch_cell_075.csv,Growing Season Max,cell intersects 15 km buffer around simplified Northern/Central California coastal transect,retain if count_cells_historic_footprint > 0; stricter option: >= 500
cell_076,Northern California,38.208686,-122.801903,10,cell_076.geojson,kelpwatch_cell_076.csv,Growing Season Max,cell intersects 15 km buffer around simplified Northern/Central California coastal transect,retain if count_cells_historic_footprint > 0; stricter option: >= 500
cell_077,Northern California,38.110317,-123.140968,10,cell_077.geojson,kelpwatch_cell_077.csv,Growing Season Max,cell intersects 15 km buffer around simplified Northern/Central California coastal transect,retain if count_cells_historic_footprint > 0; stricter option: >= 500
cell_078,Northern California,38.113243,-123.02683,10,cell_078.geojson,kelpwatch_cell_078.csv,Growing Season Max,cell intersects 15 km buffer around simplified Northern/Central California coastal transect,retain if count_cells_historic_footprint > 0; stricter option: >= 500
cell_079,Northern California,38.11606,-122.912683,10,cell_079.geojson,kelpwatch_cell_079.csv,Growing Season Max,cell intersects 15 km buffer around simplified Northern/Central California coastal transect,retain if count_cells_historic_footprint > 0; stricter option: >= 500
cell_080,Northern California,38.118769,-122.798528,10,cell_080.geojson,kelpwatch_cell_080.csv,Growing Season Max,cell intersects 15 km buffer around simplified Northern/Central California coastal transect,retain if count_cells_historic_footprint > 0; stricter option: >= 500
cell_081,Northern California,38.020411,-123.13719,10,cell_081.geojson,kelpwatch_cell_081.csv,Growing Season Max,cell intersects 15 km buffer around simplified Northern/Central California coastal transect,retain if count_cells_historic_footprint > 0; stricter option: >= 500
cell_082,Northern California,38.023333,-123.023189,10,cell_082.geojson,kelpwatch_cell_082.csv,Growing Season Max,cell intersects 15 km buffer around simplified Northern/Central California coastal transect,retain if count_cells_historic_footprint > 0; stricter option: >= 500
cell_083,Northern California,38.026147,-122.909179,10,cell_083.geojson,kelpwatch_cell_083.csv,Growing Season Max,cell intersects 15 km buffer around simplified Northern/Central California coastal transect,retain if count_cells_historic_footprint > 0; stricter option: >= 500
cell_084,Northern California,38.028853,-122.795161,10,cell_084.geojson,kelpwatch_cell_084.csv,Growing Season Max,cell intersects 15 km buffer around simplified Northern/Central California coastal transect,retain if count_cells_historic_footprint > 0; stricter option: >= 500
cell_085,Northern California,38.03145,-122.681135,10,cell_085.geojson,kelpwatch_cell_085.csv,Growing Season Max,cell intersects 15 km buffer around simplified Northern/Central California coastal transect,retain if count_cells_historic_footprint > 0; stricter option: >= 500
cell_086,Northern California,37.930505,-123.133421,10,cell_086.geojson,kelpwatch_cell_086.csv,Growing Season Max,cell intersects 15 km buffer around simplified Northern/Central California coastal transect,retain if count_cells_historic_footprint > 0; stricter option: >= 500
cell_087,Northern California,37.933424,-123.019557,10,cell_087.geojson,kelpwatch_cell_087.csv,Growing Season Max,cell intersects 15 km buffer around simplified Northern/Central California coastal transect,retain if count_cells_historic_footprint > 0; stricter option: >= 500
cell_088,Northern California,37.936234,-122.905684,10,cell_088.geojson,kelpwatch_cell_088.csv,Growing Season Max,cell intersects 15 km buffer around simplified Northern/Central California coastal transect,retain if count_cells_historic_footprint > 0; stricter option: >= 500
cell_089,Northern California,37.938937,-122.791803,10,cell_089.geojson,kelpwatch_cell_089.csv,Growing Season Max,cell intersects 15 km buffer around simplified Northern/Central California coastal transect,retain if count_cells_historic_footprint > 0; stricter option: >= 500
cell_090,Northern California,37.941531,-122.677914,10,cell_090.geojson,kelpwatch_cell_090.csv,Growing Season Max,cell intersects 15 km buffer around simplified Northern/Central California coastal transect,retain if count_cells_historic_footprint > 0; stricter option: >= 500
cell_091,Northern California,37.843515,-123.015933,10,cell_091.geojson,kelpwatch_cell_091.csv,Growing Season Max,cell intersects 15 km buffer around simplified Northern/Central California coastal transect,retain if count_cells_historic_footprint > 0; stricter option: >= 500
cell_092,Northern California,37.846322,-122.902197,10,cell_092.geojson,kelpwatch_cell_092.csv,Growing Season Max,cell intersects 15 km buffer around simplified Northern/Central California coastal transect,retain if count_cells_historic_footprint > 0; stricter option: >= 500
cell_093,Northern California,37.849021,-122.788452,10,cell_093.geojson,kelpwatch_cell_093.csv,Growing Season Max,cell intersects 15 km buffer around simplified Northern/Central California coastal transect,retain if count_cells_historic_footprint > 0; stricter option: >= 500
cell_094,Northern California,37.851612,-122.6747,10,cell_094.geojson,kelpwatch_cell_094.csv,Growing Season Max,cell intersects 15 km buffer around simplified Northern/Central California coastal transect,retain if count_cells_historic_footprint > 0; stricter option: >= 500
cell_095,Northern California,37.854096,-122.560939,10,cell_095.geojson,kelpwatch_cell_095.csv,Growing Season Max,cell intersects 15 km buffer around simplified Northern/Central California coastal transect,retain if count_cells_historic_footprint > 0; stricter option: >= 500
cell_096,Northern California,37.753605,-123.012319,10,cell_096.geojson,kelpwatch_cell_096.csv,Growing Season Max,cell intersects 15 km buffer around simplified Northern/Central California coastal transect,retain if count_cells_historic_footprint > 0; stricter option: >= 500
cell_097,Northern California,37.756409,-122.898718,10,cell_097.geojson,kelpwatch_cell_097.csv,Growing Season Max,cell intersects 15 km buffer around simplified Northern/Central California coastal transect,retain if count_cells_historic_footprint > 0; stricter option: >= 500
cell_098,Northern California,37.759105,-122.78511,10,cell_098.geojson,kelpwatch_cell_098.csv,Growing Season Max,cell intersects 15 km buffer around simplified Northern/Central California coastal transect,retain if count_cells_historic_footprint > 0; stricter option: >= 500
cell_099,Northern California,37.761693,-122.671493,10,cell_099.geojson,kelpwatch_cell_099.csv,Growing Season Max,cell intersects 15 km buffer around simplified Northern/Central California coastal transect,retain if count_cells_historic_footprint > 0; stricter option: >= 500
cell_100,Northern California,37.764174,-122.557869,10,cell_100.geojson,kelpwatch_cell_100.csv,Growing Season Max,cell intersects 15 km buffer around simplified Northern/Central California coastal transect,retain if count_cells_historic_footprint > 0; stricter option: >= 500
cell_101,Northern California,37.766546,-122.444238,10,cell_101.geojson,kelpwatch_cell_101.csv,Growing Season Max,cell intersects 15 km buffer around simplified Northern/Central California coastal transect,retain if count_cells_historic_footprint > 0; stricter option: >= 500
cell_102,Northern California,37.666496,-122.895248,10,cell_102.geojson,kelpwatch_cell_102.csv,Growing Season Max,cell intersects 15 km buffer around simplified Northern/Central California coastal transect,retain if count_cells_historic_footprint > 0; stricter option: >= 500
cell_103,Northern California,37.669189,-122.781775,10,cell_103.geojson,kelpwatch_cell_103.csv,Growing Season Max,cell intersects 15 km buffer around simplified Northern/Central California coastal transect,retain if count_cells_historic_footprint > 0; stricter option: >= 500
cell_104,Northern California,37.671774,-122.668295,10,cell_104.geojson,kelpwatch_cell_104.csv,Growing Season Max,cell intersects 15 km buffer around simplified Northern/Central California coastal transect,retain if count_cells_historic_footprint > 0; stricter option: >= 500
cell_105,Northern California,37.674251,-122.554807,10,cell_105.geojson,kelpwatch_cell_105.csv,Growing Season Max,cell intersects 15 km buffer around simplified Northern/Central California coastal transect,retain if count_cells_historic_footprint > 0; stricter option: >= 500
cell_106,Northern California,37.676621,-122.441311,10,cell_106.geojson,kelpwatch_cell_106.csv,Growing Season Max,cell intersects 15 km buffer around simplified Northern/Central California coastal transect,retain if count_cells_historic_footprint > 0; stricter option: >= 500
cell_107,Northern California,37.579272,-122.778449,10,cell_107.geojson,kelpwatch_cell_107.csv,Growing Season Max,cell intersects 15 km buffer around simplified Northern/Central California coastal transect,retain if count_cells_historic_footprint > 0; stricter option: >= 500
cell_108,Northern California,37.581854,-122.665104,10,cell_108.geojson,kelpwatch_cell_108.csv,Growing Season Max,cell intersects 15 km buffer around simplified Northern/Central California coastal transect,retain if count_cells_historic_footprint > 0; stricter option: >= 500
cell_109,Northern California,37.584328,-122.551751,10,cell_109.geojson,kelpwatch_cell_109.csv,Growing Season Max,cell intersects 15 km buffer around simplified Northern/Central California coastal transect,retain if count_cells_historic_footprint > 0; stricter option: >= 500
cell_110,Northern California,37.586695,-122.438391,10,cell_110.geojson,kelpwatch_cell_110.csv,Growing Season Max,cell intersects 15 km buffer around simplified Northern/Central California coastal transect,retain if count_cells_historic_footprint > 0; stricter option: >= 500
cell_111,Northern California,37.588955,-122.325024,10,cell_111.geojson,kelpwatch_cell_111.csv,Growing Season Max,cell intersects 15 km buffer around simplified Northern/Central California coastal transect,retain if count_cells_historic_footprint > 0; stricter option: >= 500
cell_112,Northern California,37.491933,-122.661921,10,cell_112.geojson,kelpwatch_cell_112.csv,Growing Season Max,cell intersects 15 km buffer around simplified Northern/Central California coastal transect,retain if count_cells_historic_footprint > 0; stricter option: >= 500
cell_113,Northern California,37.494404,-122.548703,10,cell_113.geojson,kelpwatch_cell_113.csv,Growing Season Max,cell intersects 15 km buffer around simplified Northern/Central California coastal transect,retain if count_cells_historic_footprint > 0; stricter option: >= 500
cell_114,Northern California,37.496769,-122.435478,10,cell_114.geojson,kelpwatch_cell_114.csv,Growing Season Max,cell intersects 15 km buffer around simplified Northern/Central California coastal transect,retain if count_cells_historic_footprint > 0; stricter option: >= 500
cell_115,Northern California,37.499026,-122.322247,10,cell_115.geojson,kelpwatch_cell_115.csv,Growing Season Max,cell intersects 15 km buffer around simplified Northern/Central California coastal transect,retain if count_cells_historic_footprint > 0; stricter option: >= 500
cell_116,Northern California,37.402011,-122.658745,10,cell_116.geojson,kelpwatch_cell_116.csv,Growing Season Max,cell intersects 15 km buffer around simplified Northern/Central California coastal transect,retain if count_cells_historic_footprint > 0; stricter option: >= 500
cell_117,Northern California,37.40448,-122.545662,10,cell_117.geojson,kelpwatch_cell_117.csv,Growing Season Max,cell intersects 15 km buffer around simplified Northern/Central California coastal transect,retain if count_cells_historic_footprint > 0; stricter option: >= 500
cell_118,Northern California,37.406841,-122.432573,10,cell_118.geojson,kelpwatch_cell_118.csv,Growing Season Max,cell intersects 15 km buffer around simplified Northern/Central California coastal transect,retain if count_cells_historic_footprint > 0; stricter option: >= 500
cell_119,Northern California,37.409095,-122.319476,10,cell_119.geojson,kelpwatch_cell_119.csv,Growing Season Max,cell intersects 15 km buffer around simplified Northern/Central California coastal transect,retain if count_cells_historic_footprint > 0; stricter option: >= 500
cell_120,Northern California,37.312088,-122.655577,10,cell_120.geojson,kelpwatch_cell_120.csv,Growing Season Max,cell intersects 15 km buffer around simplified Northern/Central California coastal transect,retain if count_cells_historic_footprint > 0; stricter option: >= 500
cell_121,Northern California,37.314553,-122.542629,10,cell_121.geojson,kelpwatch_cell_121.csv,Growing Season Max,cell intersects 15 km buffer around simplified Northern/Central California coastal transect,retain if count_cells_historic_footprint > 0; stricter option: >= 500
cell_122,Northern California,37.316912,-122.429674,10,cell_122.geojson,kelpwatch_cell_122.csv,Growing Season Max,cell intersects 15 km buffer around simplified Northern/Central California coastal transect,retain if count_cells_historic_footprint > 0; stricter option: >= 500
cell_123,Northern California,37.319164,-122.316712,10,cell_123.geojson,kelpwatch_cell_123.csv,Growing Season Max,cell intersects 15 km buffer around simplified Northern/Central California coastal transect,retain if count_cells_historic_footprint > 0; stricter option: >= 500
cell_124,Northern California,37.321308,-122.203743,10,cell_124.geojson,kelpwatch_cell_124.csv,Growing Season Max,cell intersects 15 km buffer around simplified Northern/Central California coastal transect,retain if count_cells_historic_footprint > 0; stricter option: >= 500
cell_125,Northern California,37.224626,-122.539603,10,cell_125.geojson,kelpwatch_cell_125.csv,Growing Season Max,cell intersects 15 km buffer around simplified Northern/Central California coastal transect,retain if count_cells_historic_footprint > 0; stricter option: >= 500
cell_126,Northern California,37.226982,-122.426782,10,cell_126.geojson,kelpwatch_cell_126.csv,Growing Season Max,cell intersects 15 km buffer around simplified Northern/Central California coastal transect,retain if count_cells_historic_footprint > 0; stricter option: >= 500
cell_127,Northern California,37.229231,-122.313954,10,cell_127.geojson,kelpwatch_cell_127.csv,Growing Season Max,cell intersects 15 km buffer around simplified Northern/Central California coastal transect,retain if count_cells_historic_footprint > 0; stricter option: >= 500
cell_128,Northern California,37.231373,-122.20112,10,cell_128.geojson,kelpwatch_cell_128.csv,Growing Season Max,cell intersects 15 km buffer around simplified Northern/Central California coastal transect,retain if count_cells_historic_footprint > 0; stricter option: >= 500
cell_129,Northern California,37.233408,-122.088279,10,cell_129.geojson,kelpwatch_cell_129.csv,Growing Season Max,cell intersects 15 km buffer around simplified Northern/Central California coastal transect,retain if count_cells_historic_footprint > 0; stricter option: >= 500
cell_130,Northern California,37.134697,-122.536583,10,cell_130.geojson,kelpwatch_cell_130.csv,Growing Season Max,cell intersects 15 km buffer around simplified Northern/Central California coastal transect,retain if count_cells_historic_footprint > 0; stricter option: >= 500
cell_131,Northern California,37.13705,-122.423897,10,cell_131.geojson,kelpwatch_cell_131.csv,Growing Season Max,cell intersects 15 km buffer around simplified Northern/Central California coastal transect,retain if count_cells_historic_footprint > 0; stricter option: >= 500
cell_132,Northern California,37.139296,-122.311203,10,cell_132.geojson,kelpwatch_cell_132.csv,Growing Season Max,cell intersects 15 km buffer around simplified Northern/Central California coastal transect,retain if count_cells_historic_footprint > 0; stricter option: >= 500
cell_133,Northern California,37.141436,-122.198503,10,cell_133.geojson,kelpwatch_cell_133.csv,Growing Season Max,cell intersects 15 km buffer around simplified Northern/Central California coastal transect,retain if count_cells_historic_footprint > 0; stricter option: >= 500
cell_134,Northern California,37.143468,-122.085796,10,cell_134.geojson,kelpwatch_cell_134.csv,Growing Season Max,cell intersects 15 km buffer around simplified Northern/Central California coastal transect,retain if count_cells_historic_footprint > 0; stricter option: >= 500
cell_135,Northern California,37.145394,-121.973084,10,cell_135.geojson,kelpwatch_cell_135.csv,Growing Season Max,cell intersects 15 km buffer around simplified Northern/Central California coastal transect,retain if count_cells_historic_footprint > 0; stricter option: >= 500
cell_136,Northern California,37.047116,-122.421018,10,cell_136.geojson,kelpwatch_cell_136.csv,Growing Season Max,cell intersects 15 km buffer around simplified Northern/Central California coastal transect,retain if count_cells_historic_footprint > 0; stricter option: >= 500
cell_137,Northern California,37.04936,-122.308458,10,cell_137.geojson,kelpwatch_cell_137.csv,Growing Season Max,cell intersects 15 km buffer around simplified Northern/Central California coastal transect,retain if count_cells_historic_footprint > 0; stricter option: >= 500
cell_138,Northern California,37.051497,-122.195892,10,cell_138.geojson,kelpwatch_cell_138.csv,Growing Season Max,cell intersects 15 km buffer around simplified Northern/Central California coastal transect,retain if count_cells_historic_footprint > 0; stricter option: >= 500
cell_139,Northern California,37.053527,-122.083319,10,cell_139.geojson,kelpwatch_cell_139.csv,Growing Season Max,cell intersects 15 km buffer around simplified Northern/Central California coastal transect,retain if count_cells_historic_footprint > 0; stricter option: >= 500
cell_140,Northern California,37.05545,-121.970741,10,cell_140.geojson,kelpwatch_cell_140.csv,Growing Season Max,cell intersects 15 km buffer around simplified Northern/Central California coastal transect,retain if count_cells_historic_footprint > 0; stricter option: >= 500
cell_141,Central California,36.959421,-122.30572,10,cell_141.geojson,kelpwatch_cell_141.csv,Growing Season Max,cell intersects 15 km buffer around simplified Northern/Central California coastal transect,retain if count_cells_historic_footprint > 0; stricter option: >= 500
cell_142,Central California,36.961555,-122.193287,10,cell_142.geojson,kelpwatch_cell_142.csv,Growing Season Max,cell intersects 15 km buffer around simplified Northern/Central California coastal transect,retain if count_cells_historic_footprint > 0; stricter option: >= 500
cell_143,Central California,36.963583,-122.080848,10,cell_143.geojson,kelpwatch_cell_143.csv,Growing Season Max,cell intersects 15 km buffer around simplified Northern/Central California coastal transect,retain if count_cells_historic_footprint > 0; stricter option: >= 500
cell_144,Central California,36.965504,-121.968403,10,cell_144.geojson,kelpwatch_cell_144.csv,Growing Season Max,cell intersects 15 km buffer around simplified Northern/Central California coastal transect,retain if count_cells_historic_footprint > 0; stricter option: >= 500
cell_145,Central California,36.967319,-121.855953,10,cell_145.geojson,kelpwatch_cell_145.csv,Growing Season Max,cell intersects 15 km buffer around simplified Northern/Central California coastal transect,retain if count_cells_historic_footprint > 0; stricter option: >= 500
cell_146,Central California,36.86948,-122.302989,10,cell_146.geojson,kelpwatch_cell_146.csv,Growing Season Max,cell intersects 15 km buffer around simplified Northern/Central California coastal transect,retain if count_cells_historic_footprint > 0; stricter option: >= 500
cell_147,Central California,36.871612,-122.190689,10,cell_147.geojson,kelpwatch_cell_147.csv,Growing Season Max,cell intersects 15 km buffer around simplified Northern/Central California coastal transect,retain if count_cells_historic_footprint > 0; stricter option: >= 500
cell_148,Central California,36.873637,-122.078383,10,cell_148.geojson,kelpwatch_cell_148.csv,Growing Season Max,cell intersects 15 km buffer around simplified Northern/Central California coastal transect,retain if count_cells_historic_footprint > 0; stricter option: >= 500
cell_149,Central California,36.875556,-121.966071,10,cell_149.geojson,kelpwatch_cell_149.csv,Growing Season Max,cell intersects 15 km buffer around simplified Northern/Central California coastal transect,retain if count_cells_historic_footprint > 0; stricter option: >= 500
cell_150,Central California,36.877369,-121.853754,10,cell_150.geojson,kelpwatch_cell_150.csv,Growing Season Max,cell intersects 15 km buffer around simplified Northern/Central California coastal transect,retain if count_cells_historic_footprint > 0; stricter option: >= 500
cell_151,Central California,36.781666,-122.188097,10,cell_151.geojson,kelpwatch_cell_151.csv,Growing Season Max,cell intersects 15 km buffer around simplified Northern/Central California coastal transect,retain if count_cells_historic_footprint > 0; stricter option: >= 500
cell_152,Central California,36.783689,-122.075923,10,cell_152.geojson,kelpwatch_cell_152.csv,Growing Season Max,cell intersects 15 km buffer around simplified Northern/Central California coastal transect,retain if count_cells_historic_footprint > 0; stricter option: >= 500
cell_153,Central California,36.785606,-121.963744,10,cell_153.geojson,kelpwatch_cell_153.csv,Growing Season Max,cell intersects 15 km buffer around simplified Northern/Central California coastal transect,retain if count_cells_historic_footprint > 0; stricter option: >= 500
cell_154,Central California,36.787416,-121.85156,10,cell_154.geojson,kelpwatch_cell_154.csv,Growing Season Max,cell intersects 15 km buffer around simplified Northern/Central California coastal transect,retain if count_cells_historic_footprint > 0; stricter option: >= 500
cell_155,Central California,36.78912,-121.73937,10,cell_155.geojson,kelpwatch_cell_155.csv,Growing Season Max,cell intersects 15 km buffer around simplified Northern/Central California coastal transect,retain if count_cells_historic_footprint > 0; stricter option: >= 500
cell_156,Central California,36.691718,-122.18551,10,cell_156.geojson,kelpwatch_cell_156.csv,Growing Season Max,cell intersects 15 km buffer around simplified Northern/Central California coastal transect,retain if count_cells_historic_footprint > 0; stricter option: >= 500
cell_157,Central California,36.693738,-122.07347,10,cell_157.geojson,kelpwatch_cell_157.csv,Growing Season Max,cell intersects 15 km buffer around simplified Northern/Central California coastal transect,retain if count_cells_historic_footprint > 0; stricter option: >= 500
cell_158,Central California,36.695653,-121.961423,10,cell_158.geojson,kelpwatch_cell_158.csv,Growing Season Max,cell intersects 15 km buffer around simplified Northern/Central California coastal transect,retain if count_cells_historic_footprint > 0; stricter option: >= 500
cell_159,Central California,36.697461,-121.849371,10,cell_159.geojson,kelpwatch_cell_159.csv,Growing Season Max,cell intersects 15 km buffer around simplified Northern/Central California coastal transect,retain if count_cells_historic_footprint > 0; stricter option: >= 500
cell_160,Central California,36.699163,-121.737314,10,cell_160.geojson,kelpwatch_cell_160.csv,Growing Season Max,cell intersects 15 km buffer around simplified Northern/Central California coastal transect,retain if count_cells_historic_footprint > 0; stricter option: >= 500
cell_161,Central California,36.603784,-122.071022,10,cell_161.geojson,kelpwatch_cell_161.csv,Growing Season Max,cell intersects 15 km buffer around simplified Northern/Central California coastal transect,retain if count_cells_historic_footprint > 0; stricter option: >= 500
cell_162,Central California,36.605697,-121.959107,10,cell_162.geojson,kelpwatch_cell_162.csv,Growing Season Max,cell intersects 15 km buffer around simplified Northern/Central California coastal transect,retain if count_cells_historic_footprint > 0; stricter option: >= 500
cell_163,Central California,36.607503,-121.847188,10,cell_163.geojson,kelpwatch_cell_163.csv,Growing Season Max,cell intersects 15 km buffer around simplified Northern/Central California coastal transect,retain if count_cells_historic_footprint > 0; stricter option: >= 500
cell_164,Central California,36.609203,-121.735263,10,cell_164.geojson,kelpwatch_cell_164.csv,Growing Season Max,cell intersects 15 km buffer around simplified Northern/Central California coastal transect,retain if count_cells_historic_footprint > 0; stricter option: >= 500
cell_165,Central California,36.513827,-122.06858,10,cell_165.geojson,kelpwatch_cell_165.csv,Growing Season Max,cell intersects 15 km buffer around simplified Northern/Central California coastal transect,retain if count_cells_historic_footprint > 0; stricter option: >= 500
cell_166,Central California,36.515737,-121.956797,10,cell_166.geojson,kelpwatch_cell_166.csv,Growing Season Max,cell intersects 15 km buffer around simplified Northern/Central California coastal transect,retain if count_cells_historic_footprint > 0; stricter option: >= 500
cell_167,Central California,36.517541,-121.845009,10,cell_167.geojson,kelpwatch_cell_167.csv,Growing Season Max,cell intersects 15 km buffer around simplified Northern/Central California coastal transect,retain if count_cells_historic_footprint > 0; stricter option: >= 500
cell_168,Central California,36.519239,-121.733216,10,cell_168.geojson,kelpwatch_cell_168.csv,Growing Season Max,cell intersects 15 km buffer around simplified Northern/Central California coastal transect,retain if count_cells_historic_footprint > 0; stricter option: >= 500
cell_169,Central California,36.423867,-122.066143,10,cell_169.geojson,kelpwatch_cell_169.csv,Growing Season Max,cell intersects 15 km buffer around simplified Northern/Central California coastal transect,retain if count_cells_historic_footprint > 0; stricter option: >= 500
cell_170,Central California,36.425775,-121.954492,10,cell_170.geojson,kelpwatch_cell_170.csv,Growing Season Max,cell intersects 15 km buffer around simplified Northern/Central California coastal transect,retain if count_cells_historic_footprint > 0; stricter option: >= 500
cell_171,Central California,36.427577,-121.842836,10,cell_171.geojson,kelpwatch_cell_171.csv,Growing Season Max,cell intersects 15 km buffer around simplified Northern/Central California coastal transect,retain if count_cells_historic_footprint > 0; stricter option: >= 500
cell_172,Central California,36.429273,-121.731175,10,cell_172.geojson,kelpwatch_cell_172.csv,Growing Season Max,cell intersects 15 km buffer around simplified Northern/Central California coastal transect,retain if count_cells_historic_footprint > 0; stricter option: >= 500
cell_173,Central California,36.333903,-122.063713,10,cell_173.geojson,kelpwatch_cell_173.csv,Growing Season Max,cell intersects 15 km buffer around simplified Northern/Central California coastal transect,retain if count_cells_historic_footprint > 0; stricter option: >= 500
cell_174,Central California,36.335809,-121.952193,10,cell_174.geojson,kelpwatch_cell_174.csv,Growing Season Max,cell intersects 15 km buffer around simplified Northern/Central California coastal transect,retain if count_cells_historic_footprint > 0; stricter option: >= 500
cell_175,Central California,36.337609,-121.840668,10,cell_175.geojson,kelpwatch_cell_175.csv,Growing Season Max,cell intersects 15 km buffer around simplified Northern/Central California coastal transect,retain if count_cells_historic_footprint > 0; stricter option: >= 500
cell_176,Central California,36.339303,-121.729138,10,cell_176.geojson,kelpwatch_cell_176.csv,Growing Season Max,cell intersects 15 km buffer around simplified Northern/Central California coastal transect,retain if count_cells_historic_footprint > 0; stricter option: >= 500
cell_177,Central California,36.340891,-121.617603,10,cell_177.geojson,kelpwatch_cell_177.csv,Growing Season Max,cell intersects 15 km buffer around simplified Northern/Central California coastal transect,retain if count_cells_historic_footprint > 0; stricter option: >= 500
cell_178,Central California,36.243935,-122.061288,10,cell_178.geojson,kelpwatch_cell_178.csv,Growing Season Max,cell intersects 15 km buffer around simplified Northern/Central California coastal transect,retain if count_cells_historic_footprint > 0; stricter option: >= 500
cell_179,Central California,36.245839,-121.949899,10,cell_179.geojson,kelpwatch_cell_179.csv,Growing Season Max,cell intersects 15 km buffer around simplified Northern/Central California coastal transect,retain if count_cells_historic_footprint > 0; stricter option: >= 500
cell_180,Central California,36.247637,-121.838505,10,cell_180.geojson,kelpwatch_cell_180.csv,Growing Season Max,cell intersects 15 km buffer around simplified Northern/Central California coastal transect,retain if count_cells_historic_footprint > 0; stricter option: >= 500
cell_181,Central California,36.249329,-121.727106,10,cell_181.geojson,kelpwatch_cell_181.csv,Growing Season Max,cell intersects 15 km buffer around simplified Northern/Central California coastal transect,retain if count_cells_historic_footprint > 0; stricter option: >= 500
cell_182,Central California,36.250915,-121.615702,10,cell_182.geojson,kelpwatch_cell_182.csv,Growing Season Max,cell intersects 15 km buffer around simplified Northern/Central California coastal transect,retain if count_cells_historic_footprint > 0; stricter option: >= 500
cell_183,Central California,36.155865,-121.94761,10,cell_183.geojson,kelpwatch_cell_183.csv,Growing Season Max,cell intersects 15 km buffer around simplified Northern/Central California coastal transect,retain if count_cells_historic_footprint > 0; stricter option: >= 500
cell_184,Central California,36.157661,-121.836347,10,cell_184.geojson,kelpwatch_cell_184.csv,Growing Season Max,cell intersects 15 km buffer around simplified Northern/Central California coastal transect,retain if count_cells_historic_footprint > 0; stricter option: >= 500
cell_185,Central California,36.159351,-121.725079,10,cell_185.geojson,kelpwatch_cell_185.csv,Growing Season Max,cell intersects 15 km buffer around simplified Northern/Central California coastal transect,retain if count_cells_historic_footprint > 0; stricter option: >= 500
cell_186,Central California,36.160936,-121.613805,10,cell_186.geojson,kelpwatch_cell_186.csv,Growing Season Max,cell intersects 15 km buffer around simplified Northern/Central California coastal transect,retain if count_cells_historic_footprint > 0; stricter option: >= 500
cell_187,Central California,36.162415,-121.502528,10,cell_187.geojson,kelpwatch_cell_187.csv,Growing Season Max,cell intersects 15 km buffer around simplified Northern/Central California coastal transect,retain if count_cells_historic_footprint > 0; stricter option: >= 500
cell_188,Central California,36.065887,-121.945327,10,cell_188.geojson,kelpwatch_cell_188.csv,Growing Season Max,cell intersects 15 km buffer around simplified Northern/Central California coastal transect,retain if count_cells_historic_footprint > 0; stricter option: >= 500
cell_189,Central California,36.067681,-121.834194,10,cell_189.geojson,kelpwatch_cell_189.csv,Growing Season Max,cell intersects 15 km buffer around simplified Northern/Central California coastal transect,retain if count_cells_historic_footprint > 0; stricter option: >= 500
cell_190,Central California,36.069369,-121.723056,10,cell_190.geojson,kelpwatch_cell_190.csv,Growing Season Max,cell intersects 15 km buffer around simplified Northern/Central California coastal transect,retain if count_cells_historic_footprint > 0; stricter option: >= 500
cell_191,Central California,36.070952,-121.611913,10,cell_191.geojson,kelpwatch_cell_191.csv,Growing Season Max,cell intersects 15 km buffer around simplified Northern/Central California coastal transect,retain if count_cells_historic_footprint > 0; stricter option: >= 500
cell_192,Central California,36.072429,-121.500766,10,cell_192.geojson,kelpwatch_cell_192.csv,Growing Season Max,cell intersects 15 km buffer around simplified Northern/Central California coastal transect,retain if count_cells_historic_footprint > 0; stricter option: >= 500
cell_193,Central California,36.073801,-121.389615,10,cell_193.geojson,kelpwatch_cell_193.csv,Growing Season Max,cell intersects 15 km buffer around simplified Northern/Central California coastal transect,retain if count_cells_historic_footprint > 0; stricter option: >= 500
cell_194,Central California,35.977696,-121.832046,10,cell_194.geojson,kelpwatch_cell_194.csv,Growing Season Max,cell intersects 15 km buffer around simplified Northern/Central California coastal transect,retain if count_cells_historic_footprint > 0; stricter option: >= 500
cell_195,Central California,35.979383,-121.721038,10,cell_195.geojson,kelpwatch_cell_195.csv,Growing Season Max,cell intersects 15 km buffer around simplified Northern/Central California coastal transect,retain if count_cells_historic_footprint > 0; stricter option: >= 500
cell_196,Central California,35.980964,-121.610026,10,cell_196.geojson,kelpwatch_cell_196.csv,Growing Season Max,cell intersects 15 km buffer around simplified Northern/Central California coastal transect,retain if count_cells_historic_footprint > 0; stricter option: >= 500
cell_197,Central California,35.982439,-121.499009,10,cell_197.geojson,kelpwatch_cell_197.csv,Growing Season Max,cell intersects 15 km buffer around simplified Northern/Central California coastal transect,retain if count_cells_historic_footprint > 0; stricter option: >= 500
cell_198,Central California,35.98381,-121.387988,10,cell_198.geojson,kelpwatch_cell_198.csv,Growing Season Max,cell intersects 15 km buffer around simplified Northern/Central California coastal transect,retain if count_cells_historic_footprint > 0; stricter option: >= 500
cell_199,Central California,35.985074,-121.276963,10,cell_199.geojson,kelpwatch_cell_199.csv,Growing Season Max,cell intersects 15 km buffer around simplified Northern/Central California coastal transect,retain if count_cells_historic_footprint > 0; stricter option: >= 500
cell_200,Central California,35.889392,-121.719025,10,cell_200.geojson,kelpwatch_cell_200.csv,Growing Season Max,cell intersects 15 km buffer around simplified Northern/Central California coastal transect,retain if count_cells_historic_footprint > 0; stricter option: >= 500
cell_201,Central California,35.890971,-121.608143,10,cell_201.geojson,kelpwatch_cell_201.csv,Growing Season Max,cell intersects 15 km buffer around simplified Northern/Central California coastal transect,retain if count_cells_historic_footprint > 0; stricter option: >= 500
cell_202,Central California,35.892445,-121.497255,10,cell_202.geojson,kelpwatch_cell_202.csv,Growing Season Max,cell intersects 15 km buffer around simplified Northern/Central California coastal transect,retain if count_cells_historic_footprint > 0; stricter option: >= 500
cell_203,Central California,35.893814,-121.386364,10,cell_203.geojson,kelpwatch_cell_203.csv,Growing Season Max,cell intersects 15 km buffer around simplified Northern/Central California coastal transect,retain if count_cells_historic_footprint > 0; stricter option: >= 500
cell_204,Central California,35.895077,-121.275469,10,cell_204.geojson,kelpwatch_cell_204.csv,Growing Season Max,cell intersects 15 km buffer around simplified Northern/Central California coastal transect,retain if count_cells_historic_footprint > 0; stricter option: >= 500
cell_205,Central California,35.800973,-121.606264,10,cell_205.geojson,kelpwatch_cell_205.csv,Growing Season Max,cell intersects 15 km buffer around simplified Northern/Central California coastal transect,retain if count_cells_historic_footprint > 0; stricter option: >= 500
cell_206,Central California,35.802446,-121.495506,10,cell_206.geojson,kelpwatch_cell_206.csv,Growing Season Max,cell intersects 15 km buffer around simplified Northern/Central California coastal transect,retain if count_cells_historic_footprint > 0; stricter option: >= 500
cell_207,Central California,35.803813,-121.384744,10,cell_207.geojson,kelpwatch_cell_207.csv,Growing Season Max,cell intersects 15 km buffer around simplified Northern/Central California coastal transect,retain if count_cells_historic_footprint > 0; stricter option: >= 500
cell_208,Central California,35.805075,-121.273979,10,cell_208.geojson,kelpwatch_cell_208.csv,Growing Season Max,cell intersects 15 km buffer around simplified Northern/Central California coastal transect,retain if count_cells_historic_footprint > 0; stricter option: >= 500
cell_209,Central California,35.806232,-121.163209,10,cell_209.geojson,kelpwatch_cell_209.csv,Growing Season Max,cell intersects 15 km buffer around simplified Northern/Central California coastal transect,retain if count_cells_historic_footprint > 0; stricter option: >= 500
cell_210,Central California,35.710971,-121.604389,10,cell_210.geojson,kelpwatch_cell_210.csv,Growing Season Max,cell intersects 15 km buffer around simplified Northern/Central California coastal transect,retain if count_cells_historic_footprint > 0; stricter option: >= 500
cell_211,Central California,35.712442,-121.493761,10,cell_211.geojson,kelpwatch_cell_211.csv,Growing Season Max,cell intersects 15 km buffer around simplified Northern/Central California coastal transect,retain if count_cells_historic_footprint > 0; stricter option: >= 500
cell_212,Central California,35.713807,-121.383128,10,cell_212.geojson,kelpwatch_cell_212.csv,Growing Season Max,cell intersects 15 km buffer around simplified Northern/Central California coastal transect,retain if count_cells_historic_footprint > 0; stricter option: >= 500
cell_213,Central California,35.715068,-121.272492,10,cell_213.geojson,kelpwatch_cell_213.csv,Growing Season Max,cell intersects 15 km buffer around simplified Northern/Central California coastal transect,retain if count_cells_historic_footprint > 0; stricter option: >= 500
cell_214,Central California,35.716224,-121.161852,10,cell_214.geojson,kelpwatch_cell_214.csv,Growing Season Max,cell intersects 15 km buffer around simplified Northern/Central California coastal transect,retain if count_cells_historic_footprint > 0; stricter option: >= 500
cell_215,Central California,35.717274,-121.051209,10,cell_215.geojson,kelpwatch_cell_215.csv,Growing Season Max,cell intersects 15 km buffer around simplified Northern/Central California coastal transect,retain if count_cells_historic_footprint > 0; stricter option: >= 500
cell_216,Central California,35.622432,-121.49202,10,cell_216.geojson,kelpwatch_cell_216.csv,Growing Season Max,cell intersects 15 km buffer around simplified Northern/Central California coastal transect,retain if count_cells_historic_footprint > 0; stricter option: >= 500
cell_217,Central California,35.623796,-121.381516,10,cell_217.geojson,kelpwatch_cell_217.csv,Growing Season Max,cell intersects 15 km buffer around simplified Northern/Central California coastal transect,retain if count_cells_historic_footprint > 0; stricter option: >= 500
cell_218,Central California,35.625056,-121.271008,10,cell_218.geojson,kelpwatch_cell_218.csv,Growing Season Max,cell intersects 15 km buffer around simplified Northern/Central California coastal transect,retain if count_cells_historic_footprint > 0; stricter option: >= 500
cell_219,Central California,35.62621,-121.160498,10,cell_219.geojson,kelpwatch_cell_219.csv,Growing Season Max,cell intersects 15 km buffer around simplified Northern/Central California coastal transect,retain if count_cells_historic_footprint > 0; stricter option: >= 500
cell_220,Central California,35.627259,-121.049983,10,cell_220.geojson,kelpwatch_cell_220.csv,Growing Season Max,cell intersects 15 km buffer around simplified Northern/Central California coastal transect,retain if count_cells_historic_footprint > 0; stricter option: >= 500
cell_221,Central California,35.628204,-120.939467,10,cell_221.geojson,kelpwatch_cell_221.csv,Growing Season Max,cell intersects 15 km buffer around simplified Northern/Central California coastal transect,retain if count_cells_historic_footprint > 0; stricter option: >= 500
cell_222,Central California,35.53378,-121.379907,10,cell_222.geojson,kelpwatch_cell_222.csv,Growing Season Max,cell intersects 15 km buffer around simplified Northern/Central California coastal transect,retain if count_cells_historic_footprint > 0; stricter option: >= 500
cell_223,Central California,35.535038,-121.269529,10,cell_223.geojson,kelpwatch_cell_223.csv,Growing Season Max,cell intersects 15 km buffer around simplified Northern/Central California coastal transect,retain if count_cells_historic_footprint > 0; stricter option: >= 500
cell_224,Central California,35.536191,-121.159146,10,cell_224.geojson,kelpwatch_cell_224.csv,Growing Season Max,cell intersects 15 km buffer around simplified Northern/Central California coastal transect,retain if count_cells_historic_footprint > 0; stricter option: >= 500
cell_225,Central California,35.537239,-121.048761,10,cell_225.geojson,kelpwatch_cell_225.csv,Growing Season Max,cell intersects 15 km buffer around simplified Northern/Central California coastal transect,retain if count_cells_historic_footprint > 0; stricter option: >= 500
cell_226,Central California,35.538183,-120.938373,10,cell_226.geojson,kelpwatch_cell_226.csv,Growing Season Max,cell intersects 15 km buffer around simplified Northern/Central California coastal transect,retain if count_cells_historic_footprint > 0; stricter option: >= 500
cell_227,Central California,35.539021,-120.827982,10,cell_227.geojson,kelpwatch_cell_227.csv,Growing Season Max,cell intersects 15 km buffer around simplified Northern/Central California coastal transect,retain if count_cells_historic_footprint > 0; stricter option: >= 500
cell_228,Central California,35.445015,-121.268052,10,cell_228.geojson,kelpwatch_cell_228.csv,Growing Season Max,cell intersects 15 km buffer around simplified Northern/Central California coastal transect,retain if count_cells_historic_footprint > 0; stricter option: >= 500
cell_229,Central California,35.446166,-121.157798,10,cell_229.geojson,kelpwatch_cell_229.csv,Growing Season Max,cell intersects 15 km buffer around simplified Northern/Central California coastal transect,retain if count_cells_historic_footprint > 0; stricter option: >= 500
cell_230,Central California,35.447214,-121.047541,10,cell_230.geojson,kelpwatch_cell_230.csv,Growing Season Max,cell intersects 15 km buffer around simplified Northern/Central California coastal transect,retain if count_cells_historic_footprint > 0; stricter option: >= 500
cell_231,Central California,35.448156,-120.937281,10,cell_231.geojson,kelpwatch_cell_231.csv,Growing Season Max,cell intersects 15 km buffer around simplified Northern/Central California coastal transect,retain if count_cells_historic_footprint > 0; stricter option: >= 500
cell_232,Central California,35.448994,-120.827019,10,cell_232.geojson,kelpwatch_cell_232.csv,Growing Season Max,cell intersects 15 km buffer around simplified Northern/Central California coastal transect,retain if count_cells_historic_footprint > 0; stricter option: >= 500
cell_233,Central California,35.449727,-120.716754,10,cell_233.geojson,kelpwatch_cell_233.csv,Growing Season Max,cell intersects 15 km buffer around simplified Northern/Central California coastal transect,retain if count_cells_historic_footprint > 0; stricter option: >= 500
cell_234,Central California,35.356136,-121.156453,10,cell_234.geojson,kelpwatch_cell_234.csv,Growing Season Max,cell intersects 15 km buffer around simplified Northern/Central California coastal transect,retain if count_cells_historic_footprint > 0; stricter option: >= 500
cell_235,Central California,35.357182,-121.046324,10,cell_235.geojson,kelpwatch_cell_235.csv,Growing Season Max,cell intersects 15 km buffer around simplified Northern/Central California coastal transect,retain if count_cells_historic_footprint > 0; stricter option: >= 500
cell_236,Central California,35.358123,-120.936193,10,cell_236.geojson,kelpwatch_cell_236.csv,Growing Season Max,cell intersects 15 km buffer around simplified Northern/Central California coastal transect,retain if count_cells_historic_footprint > 0; stricter option: >= 500
cell_237,Central California,35.35896,-120.826058,10,cell_237.geojson,kelpwatch_cell_237.csv,Growing Season Max,cell intersects 15 km buffer around simplified Northern/Central California coastal transect,retain if count_cells_historic_footprint > 0; stricter option: >= 500
cell_238,Central California,35.359692,-120.715922,10,cell_238.geojson,kelpwatch_cell_238.csv,Growing Season Max,cell intersects 15 km buffer around simplified Northern/Central California coastal transect,retain if count_cells_historic_footprint > 0; stricter option: >= 500
cell_239,Central California,35.267145,-121.04511,10,cell_239.geojson,kelpwatch_cell_239.csv,Growing Season Max,cell intersects 15 km buffer around simplified Northern/Central California coastal transect,retain if count_cells_historic_footprint > 0; stricter option: >= 500
cell_240,Central California,35.268085,-120.935106,10,cell_240.geojson,kelpwatch_cell_240.csv,Growing Season Max,cell intersects 15 km buffer around simplified Northern/Central California coastal transect,retain if count_cells_historic_footprint > 0; stricter option: >= 500
cell_241,Central California,35.268921,-120.8251,10,cell_241.geojson,kelpwatch_cell_241.csv,Growing Season Max,cell intersects 15 km buffer around simplified Northern/Central California coastal transect,retain if count_cells_historic_footprint > 0; stricter option: >= 500
cell_242,Central California,35.269652,-120.715091,10,cell_242.geojson,kelpwatch_cell_242.csv,Growing Season Max,cell intersects 15 km buffer around simplified Northern/Central California coastal transect,retain if count_cells_historic_footprint > 0; stricter option: >= 500
cell_243,Central California,35.270279,-120.60508,10,cell_243.geojson,kelpwatch_cell_243.csv,Growing Season Max,cell intersects 15 km buffer around simplified Northern/Central California coastal transect,retain if count_cells_historic_footprint > 0; stricter option: >= 500
cell_244,Central California,35.177101,-121.043899,10,cell_244.geojson,kelpwatch_cell_244.csv,Growing Season Max,cell intersects 15 km buffer around simplified Northern/Central California coastal transect,retain if count_cells_historic_footprint > 0; stricter option: >= 500
cell_245,Central California,35.17804,-120.934022,10,cell_245.geojson,kelpwatch_cell_245.csv,Growing Season Max,cell intersects 15 km buffer around simplified Northern/Central California coastal transect,retain if count_cells_historic_footprint > 0; stricter option: >= 500
cell_246,Central California,35.178875,-120.824143,10,cell_246.geojson,kelpwatch_cell_246.csv,Growing Season Max,cell intersects 15 km buffer around simplified Northern/Central California coastal transect,retain if count_cells_historic_footprint > 0; stricter option: >= 500
cell_247,Central California,35.179606,-120.714262,10,cell_247.geojson,kelpwatch_cell_247.csv,Growing Season Max,cell intersects 15 km buffer around simplified Northern/Central California coastal transect,retain if count_cells_historic_footprint > 0; stricter option: >= 500
cell_248,Central California,35.180232,-120.604379,10,cell_248.geojson,kelpwatch_cell_248.csv,Growing Season Max,cell intersects 15 km buffer around simplified Northern/Central California coastal transect,retain if count_cells_historic_footprint > 0; stricter option: >= 500
cell_249,Central California,35.087989,-120.932941,10,cell_249.geojson,kelpwatch_cell_249.csv,Growing Season Max,cell intersects 15 km buffer around simplified Northern/Central California coastal transect,retain if count_cells_historic_footprint > 0; stricter option: >= 500
cell_250,Central California,35.088823,-120.823189,10,cell_250.geojson,kelpwatch_cell_250.csv,Growing Season Max,cell intersects 15 km buffer around simplified Northern/Central California coastal transect,retain if count_cells_historic_footprint > 0; stricter option: >= 500
cell_251,Central California,35.089553,-120.713435,10,cell_251.geojson,kelpwatch_cell_251.csv,Growing Season Max,cell intersects 15 km buffer around simplified Northern/Central California coastal transect,retain if count_cells_historic_footprint > 0; stricter option: >= 500
cell_252,Central California,35.090178,-120.603679,10,cell_252.geojson,kelpwatch_cell_252.csv,Growing Season Max,cell intersects 15 km buffer around simplified Northern/Central California coastal transect,retain if count_cells_historic_footprint > 0; stricter option: >= 500
cell_253,Central California,35.0907,-120.493922,10,cell_253.geojson,kelpwatch_cell_253.csv,Growing Season Max,cell intersects 15 km buffer around simplified Northern/Central California coastal transect,retain if count_cells_historic_footprint > 0; stricter option: >= 500
cell_254,Central California,34.998764,-120.822237,10,cell_254.geojson,kelpwatch_cell_254.csv,Growing Season Max,cell intersects 15 km buffer around simplified Northern/Central California coastal transect,retain if count_cells_historic_footprint > 0; stricter option: >= 500
cell_255,Central California,34.999493,-120.71261,10,cell_255.geojson,kelpwatch_cell_255.csv,Growing Season Max,cell intersects 15 km buffer around simplified Northern/Central California coastal transect,retain if count_cells_historic_footprint > 0; stricter option: >= 500
cell_256,Central California,35.000118,-120.602981,10,cell_256.geojson,kelpwatch_cell_256.csv,Growing Season Max,cell intersects 15 km buffer around simplified Northern/Central California coastal transect,retain if count_cells_historic_footprint > 0; stricter option: >= 500
cell_257,Central California,35.000639,-120.49335,10,cell_257.geojson,kelpwatch_cell_257.csv,Growing Season Max,cell intersects 15 km buffer around simplified Northern/Central California coastal transect,retain if count_cells_historic_footprint > 0; stricter option: >= 500
cell_258,Central California,34.908699,-120.821288,10,cell_258.geojson,kelpwatch_cell_258.csv,Growing Season Max,cell intersects 15 km buffer around simplified Northern/Central California coastal transect,retain if count_cells_historic_footprint > 0; stricter option: >= 500
cell_259,Central California,34.909427,-120.711787,10,cell_259.geojson,kelpwatch_cell_259.csv,Growing Season Max,cell intersects 15 km buffer around simplified Northern/Central California coastal transect,retain if count_cells_historic_footprint > 0; stricter option: >= 500
cell_260,Central California,34.910051,-120.602285,10,cell_260.geojson,kelpwatch_cell_260.csv,Growing Season Max,cell intersects 15 km buffer around simplified Northern/Central California coastal transect,retain if count_cells_historic_footprint > 0; stricter option: >= 500
cell_261,Central California,34.910572,-120.492781,10,cell_261.geojson,kelpwatch_cell_261.csv,Growing Season Max,cell intersects 15 km buffer around simplified Northern/Central California coastal transect,retain if count_cells_historic_footprint > 0; stricter option: >= 500
cell_262,Central California,34.910988,-120.383275,10,cell_262.geojson,kelpwatch_cell_262.csv,Growing Season Max,cell intersects 15 km buffer around simplified Northern/Central California coastal transect,retain if count_cells_historic_footprint > 0; stricter option: >= 500
cell_263,Central California,34.818626,-120.82034,10,cell_263.geojson,kelpwatch_cell_263.csv,Growing Season Max,cell intersects 15 km buffer around simplified Northern/Central California coastal transect,retain if count_cells_historic_footprint > 0; stricter option: >= 500
cell_264,Central California,34.819354,-120.710966,10,cell_264.geojson,kelpwatch_cell_264.csv,Growing Season Max,cell intersects 15 km buffer around simplified Northern/Central California coastal transect,retain if count_cells_historic_footprint > 0; stricter option: >= 500
cell_265,Central California,34.819977,-120.60159,10,cell_265.geojson,kelpwatch_cell_265.csv,Growing Season Max,cell intersects 15 km buffer around simplified Northern/Central California coastal transect,retain if count_cells_historic_footprint > 0; stricter option: >= 500
cell_266,Central California,34.820497,-120.492212,10,cell_266.geojson,kelpwatch_cell_266.csv,Growing Season Max,cell intersects 15 km buffer around simplified Northern/Central California coastal transect,retain if count_cells_historic_footprint > 0; stricter option: >= 500
cell_267,Central California,34.820913,-120.382833,10,cell_267.geojson,kelpwatch_cell_267.csv,Growing Season Max,cell intersects 15 km buffer around simplified Northern/Central California coastal transect,retain if count_cells_historic_footprint > 0; stricter option: >= 500
cell_268,Central California,34.729273,-120.710147,10,cell_268.geojson,kelpwatch_cell_268.csv,Growing Season Max,cell intersects 15 km buffer around simplified Northern/Central California coastal transect,retain if count_cells_historic_footprint > 0; stricter option: >= 500
cell_269,Central California,34.729896,-120.600897,10,cell_269.geojson,kelpwatch_cell_269.csv,Growing Season Max,cell intersects 15 km buffer around simplified Northern/Central California coastal transect,retain if count_cells_historic_footprint > 0; stricter option: >= 500
cell_270,Central California,34.730415,-120.491645,10,cell_270.geojson,kelpwatch_cell_270.csv,Growing Season Max,cell intersects 15 km buffer around simplified Northern/Central California coastal transect,retain if count_cells_historic_footprint > 0; stricter option: >= 500
cell_271,Central California,34.730831,-120.382392,10,cell_271.geojson,kelpwatch_cell_271.csv,Growing Season Max,cell intersects 15 km buffer around simplified Northern/Central California coastal transect,retain if count_cells_historic_footprint > 0; stricter option: >= 500
cell_272,Central California,34.639185,-120.709329,10,cell_272.geojson,kelpwatch_cell_272.csv,Growing Season Max,cell intersects 15 km buffer around simplified Northern/Central California coastal transect,retain if count_cells_historic_footprint > 0; stricter option: >= 500
cell_273,Central California,34.639808,-120.600205,10,cell_273.geojson,kelpwatch_cell_273.csv,Growing Season Max,cell intersects 15 km buffer around simplified Northern/Central California coastal transect,retain if count_cells_historic_footprint > 0; stricter option: >= 500
cell_274,Central California,34.640326,-120.491079,10,cell_274.geojson,kelpwatch_cell_274.csv,Growing Season Max,cell intersects 15 km buffer around simplified Northern/Central California coastal transect,retain if count_cells_historic_footprint > 0; stricter option: >= 500
cell_275,Central California,34.640741,-120.381952,10,cell_275.geojson,kelpwatch_cell_275.csv,Growing Season Max,cell intersects 15 km buffer around simplified Northern/Central California coastal transect,retain if count_cells_historic_footprint > 0; stricter option: >= 500
cell_276,Central California,34.54909,-120.708514,10,cell_276.geojson,kelpwatch_cell_276.csv,Growing Season Max,cell intersects 15 km buffer around simplified Northern/Central California coastal transect,retain if count_cells_historic_footprint > 0; stricter option: >= 500
cell_277,Central California,34.549712,-120.599515,10,cell_277.geojson,kelpwatch_cell_277.csv,Growing Season Max,cell intersects 15 km buffer around simplified Northern/Central California coastal transect,retain if count_cells_historic_footprint > 0; stricter option: >= 500
cell_278,Central California,34.550229,-120.490514,10,cell_278.geojson,kelpwatch_cell_278.csv,Growing Season Max,cell intersects 15 km buffer around simplified Northern/Central California coastal transect,retain if count_cells_historic_footprint > 0; stricter option: >= 500
cell_279,Central California,34.550644,-120.381512,10,cell_279.geojson,kelpwatch_cell_279.csv,Growing Season Max,cell intersects 15 km buffer around simplified Northern/Central California coastal transect,retain if count_cells_historic_footprint > 0; stricter option: >= 500
cell_280,Central California,34.550955,-120.27251,10,cell_280.geojson,kelpwatch_cell_280.csv,Growing Season Max,cell intersects 15 km buffer around simplified Northern/Central California coastal transect,retain if count_cells_historic_footprint > 0; stricter option: >= 500
cell_281,Central California,34.458987,-120.7077,10,cell_281.geojson,kelpwatch_cell_281.csv,Growing Season Max,cell intersects 15 km buffer around simplified Northern/Central California coastal transect,retain if count_cells_historic_footprint > 0; stricter option: >= 500
cell_282,Central California,34.459608,-120.598826,10,cell_282.geojson,kelpwatch_cell_282.csv,Growing Season Max,cell intersects 15 km buffer around simplified Northern/Central California coastal transect,retain if count_cells_historic_footprint > 0; stricter option: >= 500
cell_283,Central California,34.460125,-120.489951,10,cell_283.geojson,kelpwatch_cell_283.csv,Growing Season Max,cell intersects 15 km buffer around simplified Northern/Central California coastal transect,retain if count_cells_historic_footprint > 0; stricter option: >= 500
cell_284,Central California,34.460539,-120.381074,10,cell_284.geojson,kelpwatch_cell_284.csv,Growing Season Max,cell intersects 15 km buffer around simplified Northern/Central California coastal transect,retain if count_cells_historic_footprint > 0; stricter option: >= 500
cell_285,Central California,34.460849,-120.272197,10,cell_285.geojson,kelpwatch_cell_285.csv,Growing Season Max,cell intersects 15 km buffer around simplified Northern/Central California coastal transect,retain if count_cells_historic_footprint > 0; stricter option: >= 500
